                  epoch,           train/box_om,           train/cls_om,           train/dfl_om,           train/box_oo,           train/cls_oo,           train/dfl_oo,   metrics/precision(B),      metrics/recall(B),       metrics/mAP50(B),    metrics/mAP50-95(B),             val/box_om,             val/cls_om,             val/dfl_om,             val/box_oo,             val/cls_oo,             val/dfl_oo,                 lr/pg0,                 lr/pg1,                 lr/pg2
                      1,                 1.6589,                 1.2365,                 1.3151,                 1.9448,                 1.6882,                 1.2232,                0.88349,                0.86599,                0.92745,                0.56323,                 1.3079,                0.71258,                 1.0139,                 1.4014,                0.68555,                0.97801,             0.00047079,             0.00047079,             0.00047079
                      2,                 1.5527,                0.96545,                 1.1824,                 1.7952,                 1.1623,                 1.1243,                0.85034,                0.85127,                  0.919,                 0.5367,                 1.3974,                0.76091,                 1.0347,                 1.4606,                 0.6951,                 1.0036,             0.00094702,             0.00094702,             0.00094702
                      3,                 1.5176,                0.92773,                 1.1643,                 1.7474,                 1.0835,                 1.1058,                0.85398,                0.88685,                0.93486,                0.56914,                 1.3255,                0.72551,                 1.0188,                 1.4099,                0.65172,                0.97837,              0.0014228,              0.0014228,              0.0014228
                      4,                 1.5182,                 0.9265,                 1.1513,                 1.7539,                 1.0828,                 1.1015,                0.86311,                0.87038,                0.92789,                 0.5357,                 1.3462,                0.73344,                 1.0399,                 1.4602,                0.67035,                0.99739,              0.0014276,              0.0014276,              0.0014276
                      5,                 1.5038,                0.89749,                 1.1428,                 1.7343,                 1.0393,                 1.0935,                0.84114,                0.88451,                0.92387,                0.53775,                 1.3693,                0.74949,                 1.0442,                 1.4895,                0.66909,                 1.0108,              0.0014276,              0.0014276,              0.0014276
                      6,                 1.5292,                0.89395,                 1.1514,                 1.7748,                 1.0112,                 1.0932,                0.85836,                0.87857,                0.92503,                0.54891,                 1.3306,                0.74837,                 1.0296,                 1.4398,                0.66346,                0.99208,              0.0014265,              0.0014265,              0.0014265
                      7,                 1.5066,                0.91734,                 1.1497,                 1.7381,                   1.07,                 1.0985,                0.86368,                0.87011,                0.92745,                0.54056,                 1.3868,                 0.7244,                 1.0493,                 1.4691,                0.67971,                 1.0067,              0.0014251,              0.0014251,              0.0014251
                      8,                 1.4786,                0.87536,                 1.1321,                 1.7221,                 1.0136,                 1.0831,                0.84676,                0.87928,                0.92576,                0.48755,                 1.5884,                0.76062,                 1.0831,                  1.643,                0.71372,                  1.035,              0.0014234,              0.0014234,              0.0014234
                      9,                 1.4855,                0.87886,                 1.1352,                 1.7115,                 1.0128,                 1.0836,                0.85101,                0.85764,                0.91322,                0.56428,                 1.2973,                 0.7158,                 1.0327,                 1.3788,                0.67374,                0.98661,              0.0014213,              0.0014213,              0.0014213
                     10,                 1.4906,                0.87196,                 1.1424,                 1.7113,                0.99413,                 1.0852,                0.85823,                0.86537,                0.92131,                0.53881,                 1.3535,                0.73099,                   1.04,                 1.4667,                0.69312,                0.99637,               0.001419,               0.001419,               0.001419
                     11,                 1.4918,                0.86129,                 1.1371,                 1.7163,                0.98878,                  1.085,                0.85869,                0.85605,                0.92643,                0.55269,                 1.3544,                0.72703,                 1.0238,                  1.415,                0.67958,                 0.9782,              0.0014163,              0.0014163,              0.0014163
                     12,                 1.4797,                  0.856,                 1.1289,                  1.705,                0.97948,                 1.0733,                0.85105,                0.89039,                0.92857,                0.53406,                 1.4173,                0.74756,                 1.0527,                 1.5046,                0.68234,                0.99811,              0.0014134,              0.0014134,              0.0014134
                     13,                 1.4658,                0.85549,                 1.1273,                 1.7075,                0.96919,                 1.0745,                0.82054,                0.89396,                0.91568,                0.53979,                 1.3385,                  0.726,                 1.0327,                 1.4437,                0.67967,                0.99363,              0.0014101,              0.0014101,              0.0014101
                     14,                 1.4826,                0.87045,                 1.1402,                 1.7117,                0.98632,                 1.0918,                0.86057,                0.87789,                0.91999,                0.52751,                 1.4595,                0.73485,                 1.0674,                 1.4938,                0.67945,                 1.0077,              0.0014066,              0.0014066,              0.0014066
                     15,                 1.4547,                0.84136,                 1.1276,                 1.6935,                 0.9587,                 1.0762,                0.87378,                0.87394,                0.92747,                0.54602,                 1.3876,                0.72136,                 1.0398,                 1.4533,                0.65805,                0.99651,              0.0014027,              0.0014027,              0.0014027
                     16,                 1.4339,                0.82099,                 1.1136,                 1.6637,                0.93551,                 1.0657,                0.85821,                0.87997,                0.93201,                0.54825,                 1.3907,                0.71469,                 1.0321,                 1.4497,                 0.6909,                 0.9896,              0.0013985,              0.0013985,              0.0013985
                     17,                 1.4432,                0.82575,                 1.1122,                 1.6832,                0.94413,                  1.066,                0.85071,                0.87772,                0.92539,                0.54875,                 1.3137,                0.70941,                 1.0228,                 1.4196,                0.67722,                 0.9888,               0.001394,               0.001394,               0.001394
                     18,                 1.4532,                0.82961,                 1.1241,                 1.6866,                0.94239,                 1.0787,                0.84157,                0.87111,                0.92253,                0.56135,                 1.3028,                0.69849,                 1.0174,                 1.4056,                0.68908,                0.98679,              0.0013893,              0.0013893,              0.0013893
                     19,                 1.4516,                0.84115,                 1.1238,                 1.6874,                0.96268,                 1.0781,                0.87191,                0.85887,                0.91731,                0.51989,                 1.4593,                0.71683,                 1.0521,                 1.5111,                0.65372,                 1.0059,              0.0013842,              0.0013842,              0.0013842
                     20,                 1.4621,                0.83163,                 1.1265,                   1.71,                0.94288,                 1.0783,                0.87272,                0.85618,                0.92331,                0.55628,                 1.3221,                0.71519,                  1.054,                 1.4172,                0.65917,                 1.0122,              0.0013788,              0.0013788,              0.0013788
                     21,                 1.4381,                0.82283,                 1.1089,                 1.6787,                0.92738,                 1.0584,                0.86824,                 0.8747,                0.93483,                0.56875,                 1.3065,                0.68423,                 1.0281,                 1.3985,                0.62156,                0.98736,              0.0013732,              0.0013732,              0.0013732
                     22,                  1.436,                0.81134,                 1.1139,                 1.6801,                0.91837,                 1.0677,                0.83344,                0.88587,                0.91996,                0.51719,                 1.4964,                0.74794,                 1.0492,                 1.5213,                0.68651,                 1.0028,              0.0013672,              0.0013672,              0.0013672
                     23,                 1.4302,                0.83787,                 1.1223,                 1.6579,                  0.948,                 1.0811,                0.86954,                0.87418,                0.93318,                0.53988,                 1.3946,                0.73105,                 1.0469,                 1.4493,                 0.6857,                 1.0026,               0.001361,               0.001361,               0.001361
                     24,                 1.4425,                0.82998,                 1.1186,                 1.6651,                0.93559,                  1.073,                0.86851,                 0.8649,                0.92425,                0.52086,                 1.4871,                 0.7404,                 1.0576,                  1.538,                0.68448,                 1.0085,              0.0013545,              0.0013545,              0.0013545
                     25,                 1.4591,                0.84112,                 1.1252,                 1.6864,                0.94951,                 1.0746,                0.87602,                0.86467,                0.93361,                0.52111,                 1.4574,                0.72822,                 1.0468,                 1.5135,                0.66562,                 1.0045,              0.0013477,              0.0013477,              0.0013477
                     26,                 1.4439,                0.81959,                 1.1125,                 1.6836,                0.91099,                 1.0642,                0.85188,                0.88185,                0.92617,                0.52998,                 1.4167,                 0.7619,                 1.0515,                 1.4907,                0.70191,                 1.0062,              0.0013406,              0.0013406,              0.0013406
                     27,                 1.4153,                0.79609,                 1.1015,                 1.6562,                0.89007,                 1.0573,                0.85677,                0.86295,                0.91834,                0.55833,                 1.2905,                0.70154,                 1.0156,                 1.3914,                0.66902,                0.98348,              0.0013333,              0.0013333,              0.0013333
                     28,                 1.4296,                0.81646,                 1.1067,                 1.6819,                0.92443,                 1.0605,                0.85849,                0.87868,                0.92104,                0.54757,                 1.3159,                0.70765,                 1.0348,                 1.3959,                0.68884,                0.99528,              0.0013257,              0.0013257,              0.0013257
                     29,                 1.4062,                0.78878,                 1.0991,                 1.6354,                0.89983,                 1.0559,                0.87782,                0.88868,                0.93608,                0.52421,                 1.4837,                 0.7235,                 1.0645,                 1.5092,                0.63872,                 1.0123,              0.0013178,              0.0013178,              0.0013178
                     30,                 1.4152,                0.80378,                 1.1079,                 1.6577,                0.91497,                 1.0626,                0.88419,                0.86505,                0.92937,                0.54382,                 1.3905,                0.70727,                 1.0344,                 1.4709,                0.64282,                0.99777,              0.0013096,              0.0013096,              0.0013096
                     31,                 1.4008,                 0.7929,                 1.1007,                 1.6358,                0.88264,                 1.0567,                0.85364,                0.88519,                0.92992,                0.55657,                 1.3348,                0.69039,                 1.0324,                  1.419,                 0.6462,                 0.9962,              0.0013012,              0.0013012,              0.0013012
                     32,                 1.4194,                0.79777,                 1.1059,                 1.6592,                0.89692,                  1.064,                0.87599,                0.88638,                 0.9398,                0.56532,                 1.3221,                0.67891,                 1.0115,                 1.4152,                0.62486,                0.97759,              0.0012926,              0.0012926,              0.0012926
                     33,                 1.4198,                0.79604,                 1.1013,                 1.6476,                0.88157,                 1.0596,                0.88903,                0.88015,                0.93665,                0.55236,                  1.392,                0.69256,                 1.0291,                 1.4442,                0.63444,                0.98653,              0.0012836,              0.0012836,              0.0012836
                     34,                 1.3991,                0.77883,                   1.09,                 1.6376,                0.86088,                 1.0453,                0.84914,                0.90958,                 0.9354,                0.55947,                 1.3176,                0.67535,                 1.0231,                  1.432,                0.66009,                0.99298,              0.0012745,              0.0012745,              0.0012745
                     35,                 1.3885,                0.76932,                 1.0944,                 1.6331,                0.85253,                 1.0509,                0.88265,                0.86607,                0.92982,                0.55384,                 1.3213,                0.68592,                 1.0173,                 1.4204,                0.63531,                0.98474,               0.001265,               0.001265,               0.001265
                     36,                 1.4127,                0.79187,                  1.102,                 1.6431,                0.88827,                 1.0611,                0.87734,                0.87881,                0.94294,                0.55845,                 1.3262,                0.68881,                 1.0099,                   1.42,                 0.6137,                0.98109,              0.0012554,              0.0012554,              0.0012554
                     37,                 1.3957,                0.78075,                 1.0903,                 1.6387,                0.87957,                 1.0481,                0.87931,                 0.9003,                0.93879,                0.54347,                 1.4051,                0.68926,                  1.034,                 1.4567,                0.61563,                0.98852,              0.0012455,              0.0012455,              0.0012455
                     38,                 1.4076,                0.78616,                 1.1013,                 1.6348,                0.86145,                 1.0549,                0.86533,                0.87369,                0.92566,                 0.5268,                 1.3944,                0.69719,                 1.0293,                 1.4951,                0.67193,                  0.997,              0.0012354,              0.0012354,              0.0012354
                     39,                 1.4003,                0.77275,                 1.0985,                 1.6394,                0.85427,                 1.0568,                0.88057,                 0.8841,                0.93442,                0.54406,                 1.3793,                0.70112,                 1.0221,                 1.4665,                0.65798,                0.98583,               0.001225,               0.001225,               0.001225
                     40,                 1.3989,                0.78505,                 1.0975,                 1.6306,                0.86454,                 1.0563,                0.89347,                 0.8829,                0.94288,                0.56203,                 1.3462,                0.68168,                 1.0235,                 1.4238,                0.61293,                0.98089,              0.0012144,              0.0012144,              0.0012144
                     41,                 1.3931,                0.77053,                 1.0962,                 1.6203,                0.86295,                 1.0531,                0.86798,                0.89065,                0.93213,                0.54566,                    1.4,                0.70136,                  1.044,                  1.467,                0.64015,                0.99774,              0.0012036,              0.0012036,              0.0012036
                     42,                 1.3763,                0.76192,                 1.0838,                 1.6091,                0.85123,                 1.0378,                0.85913,                0.88645,                0.93704,                0.55032,                 1.3848,                0.70758,                 1.0391,                 1.4557,                 0.6401,                0.99556,              0.0011926,              0.0011926,              0.0011926
                     43,                 1.3843,                0.77942,                 1.0949,                 1.6138,                 0.8705,                  1.055,                0.87308,                0.87804,                0.93688,                0.55535,                 1.3896,                0.70974,                 1.0347,                 1.4356,                 0.6541,                0.98284,              0.0011814,              0.0011814,              0.0011814
                     44,                 1.3941,                0.76855,                 1.0927,                 1.6277,                0.84929,                   1.05,                 0.8736,                0.86488,                0.93288,                0.53026,                 1.4506,                0.71546,                 1.0445,                 1.4907,                 0.6328,                 0.9967,                0.00117,                0.00117,                0.00117
                     45,                  1.387,                0.76793,                 1.0972,                 1.6264,                0.84925,                  1.056,                0.85893,                0.90326,                0.93598,                 0.5819,                 1.2424,                 0.6829,                  1.003,                 1.3334,                0.63536,                0.97044,              0.0011583,              0.0011583,              0.0011583
                     46,                 1.3878,                0.75885,                 1.0865,                 1.6162,                0.84948,                 1.0438,                0.87066,                0.88001,                0.93651,                0.53765,                 1.4006,                0.70371,                 1.0352,                 1.5019,                0.65033,                 1.0064,              0.0011465,              0.0011465,              0.0011465
                     47,                 1.3717,                0.75693,                 1.0872,                 1.6055,                0.84091,                 1.0481,                0.88963,                0.87408,                0.93662,                0.56904,                 1.3428,                 0.7035,                 1.0219,                 1.4004,                0.65928,                0.97867,              0.0011345,              0.0011345,              0.0011345
                     48,                 1.3792,                0.75483,                  1.089,                 1.6208,                0.85355,                 1.0464,                0.88739,                0.88102,                0.93667,                0.54035,                 1.4111,                0.68269,                 1.0423,                 1.4957,                0.63195,                 1.0056,              0.0011223,              0.0011223,              0.0011223
                     49,                 1.3621,                0.74365,                 1.0761,                 1.6068,                0.83317,                  1.035,                0.87821,                0.89078,                0.93954,                0.57906,                 1.2839,                0.66637,                 1.0072,                 1.3721,                0.60788,                0.97198,              0.0011099,              0.0011099,              0.0011099
                     50,                 1.3702,                0.76442,                 1.0927,                 1.6068,                0.85396,                 1.0518,                0.89597,                0.88257,                0.94323,                0.56588,                 1.3336,                0.68037,                  1.025,                 1.4228,                0.60592,                 0.9873,              0.0010974,              0.0010974,              0.0010974
                     51,                 1.3475,                0.73924,                 1.0756,                 1.5791,                0.82407,                 1.0375,                0.87561,                0.89005,                0.94071,                0.53524,                 1.4316,                0.70634,                 1.0493,                 1.5089,                0.63367,                 1.0018,              0.0010847,              0.0010847,              0.0010847
                     52,                 1.3484,                0.73619,                 1.0758,                   1.58,                0.81151,                 1.0375,                0.85919,                0.88573,                0.93393,                0.55372,                 1.3579,                0.68685,                 1.0284,                 1.4395,                0.62658,                0.98796,              0.0010718,              0.0010718,              0.0010718
                     53,                 1.3608,                0.75151,                 1.0832,                 1.5992,                  0.839,                 1.0447,                0.87737,                0.88002,                0.93435,                0.55956,                 1.3086,                0.67911,                 1.0094,                  1.418,                0.63904,                0.97636,              0.0010588,              0.0010588,              0.0010588
                     54,                 1.3828,                 0.7533,                 1.0916,                  1.607,                0.82707,                 1.0472,                0.89988,                0.88556,                0.94256,                0.59235,                 1.2303,                 0.6458,                 1.0029,                 1.3327,                0.59709,                0.97077,              0.0010456,              0.0010456,              0.0010456
                     55,                 1.3434,                0.73534,                 1.0713,                 1.5901,                0.80897,                 1.0315,                0.88765,                0.87621,                0.94463,                0.52762,                 1.4631,                0.68924,                 1.0484,                 1.5318,                0.61659,                 1.0072,              0.0010322,              0.0010322,              0.0010322
                     56,                 1.3604,                0.74976,                  1.077,                 1.6017,                0.83585,                 1.0339,                0.88044,                0.89436,                0.94786,                0.59159,                 1.2468,                0.64395,                0.99754,                 1.3445,                 0.5855,                 0.9663,              0.0010188,              0.0010188,              0.0010188
                     57,                 1.3505,                0.74127,                 1.0801,                 1.5879,                0.82768,                 1.0465,                0.87769,                0.90404,                0.94825,                0.52698,                 1.4786,                0.67634,                 1.0575,                 1.5452,                0.60655,                 1.0141,              0.0010052,              0.0010052,              0.0010052
                     58,                 1.3647,                0.74481,                 1.0831,                 1.6006,                0.85072,                 1.0369,                0.87134,                0.88406,                0.94081,                0.58609,                 1.2621,                0.64482,                 1.0012,                 1.3496,                0.59201,                0.96761,             0.00099142,             0.00099142,             0.00099142
                     59,                 1.3555,                0.74438,                 1.0791,                 1.5949,                0.82661,                 1.0364,                0.90202,                0.87166,                0.94623,                0.56524,                 1.3412,                0.66623,                 1.0239,                 1.4144,                0.59447,                0.98486,             0.00097757,             0.00097757,             0.00097757
                     60,                 1.3479,                0.73545,                 1.0761,                 1.5858,                0.82717,                 1.0336,                0.88007,                0.88049,                0.93879,                0.55814,                 1.3164,                0.67011,                 1.0182,                  1.433,                0.61494,                0.98768,              0.0009636,              0.0009636,              0.0009636
                     61,                  1.344,                0.72998,                 1.0754,                 1.5812,                0.80102,                 1.0345,                 0.8571,                0.89076,                0.93057,                 0.5158,                 1.4421,                0.70083,                   1.05,                  1.549,                0.64566,                 1.0154,             0.00094952,             0.00094952,             0.00094952
                     62,                  1.318,                0.72267,                 1.0672,                 1.5539,                0.79032,                 1.0228,                0.86866,                0.89588,                 0.9394,                0.57032,                 1.3042,                0.65463,                 1.0124,                 1.3975,                0.60875,                0.98234,             0.00093534,             0.00093534,             0.00093534
                     63,                 1.3658,                0.72369,                 1.0779,                 1.5996,                0.78898,                  1.037,                0.88675,                0.88121,                0.93765,                0.50968,                 1.4982,                0.69675,                  1.072,                 1.5881,                 0.6358,                 1.0385,             0.00092106,             0.00092106,             0.00092106
                     64,                 1.3534,                0.74692,                 1.0807,                 1.5898,                0.82773,                 1.0409,                0.89636,                0.89768,                0.94724,                0.58343,                 1.2723,                 0.6516,                 1.0032,                 1.3734,                0.57954,                0.97519,              0.0009067,              0.0009067,              0.0009067
                     65,                 1.3368,                0.71844,                 1.0663,                 1.5689,                0.78833,                 1.0262,                0.88535,                0.88616,                0.94589,                0.59211,                 1.2726,                0.65131,                 1.0034,                 1.3446,                 0.5873,                0.96621,             0.00089224,             0.00089224,             0.00089224
                     66,                 1.3125,                0.70819,                  1.055,                 1.5541,                0.78274,                 1.0182,                0.88172,                0.90105,                0.94673,                0.58777,                 1.2602,                0.64216,                   1.01,                 1.3574,                 0.5777,                0.97972,             0.00087771,             0.00087771,             0.00087771
                     67,                 1.3367,                0.72338,                 1.0721,                 1.5637,                0.78728,                 1.0374,                0.88254,                0.89118,                0.94311,                0.56005,                 1.3607,                0.65225,                 1.0188,                 1.4337,                 0.5721,                0.98304,             0.00086311,             0.00086311,             0.00086311
                     68,                  1.327,                0.71801,                 1.0639,                 1.5605,                0.77505,                 1.0268,                0.88854,                0.89888,                0.94642,                 0.5737,                 1.2993,                0.63759,                 1.0142,                 1.3956,                0.57859,                0.98218,             0.00084844,             0.00084844,             0.00084844
                     69,                 1.3141,                0.71553,                 1.0588,                 1.5565,                0.78124,                  1.025,                 0.8861,                0.88652,                0.94027,                0.56157,                 1.3345,                0.66311,                 1.0203,                 1.4129,                0.60652,                0.98434,             0.00083372,             0.00083372,             0.00083372
                     70,                 1.3246,                0.71845,                 1.0623,                 1.5721,                 0.7973,                 1.0272,                0.88452,                0.90233,                0.94671,                 0.5794,                 1.2821,                0.65672,                 1.0107,                 1.3775,                0.57884,                0.97858,             0.00081894,             0.00081894,             0.00081894
                     71,                 1.3128,                0.71429,                 1.0634,                 1.5436,                0.77086,                 1.0291,                0.87869,                0.89079,                0.94351,                0.55551,                  1.366,                0.66284,                 1.0206,                 1.4394,                0.61867,                0.98682,             0.00080411,             0.00080411,             0.00080411
                     72,                 1.3226,                0.72753,                 1.0728,                 1.5678,                0.80884,                  1.034,                0.89439,                0.87339,                0.94488,                0.57489,                 1.2983,                0.65934,                 1.0096,                 1.3904,                0.59018,                0.97825,             0.00078925,             0.00078925,             0.00078925
                     73,                 1.3207,                0.72318,                 1.0606,                  1.574,                0.80394,                 1.0202,                0.88957,                0.87668,                0.94364,                0.58095,                 1.2669,                0.64694,                 1.0035,                 1.3763,                0.57787,                0.97411,             0.00077435,             0.00077435,             0.00077435
                     74,                 1.3069,                0.70124,                 1.0657,                  1.547,                0.76279,                 1.0279,                0.90653,                0.88239,                0.94899,                0.57988,                 1.2674,                   0.63,                0.99768,                  1.383,                0.56942,                 0.9684,             0.00075943,             0.00075943,             0.00075943
                     75,                 1.2811,                0.68611,                 1.0535,                 1.5036,                0.73266,                 1.0204,                0.87169,                0.90099,                0.94402,                0.58464,                 1.2566,                0.64023,                0.99571,                 1.3704,                0.58323,                0.97137,             0.00074449,             0.00074449,             0.00074449
                     76,                 1.2999,                0.69213,                 1.0524,                 1.5409,                0.76058,                 1.0144,                0.88516,                0.90064,                0.94894,                0.55917,                 1.3448,                0.65277,                  1.021,                 1.4307,                0.56923,                0.98393,             0.00072953,             0.00072953,             0.00072953
                     77,                 1.2868,                 0.6928,                 1.0517,                 1.5336,                0.76331,                 1.0168,                0.89321,                0.89689,                0.94309,                 0.5082,                  1.567,                 0.7139,                 1.0717,                 1.6066,                0.61688,                 1.0146,             0.00071457,             0.00071457,             0.00071457
                     78,                 1.2933,                0.69686,                 1.0547,                 1.5245,                0.76581,                 1.0163,                0.89006,                0.90307,                0.95281,                0.57634,                 1.3185,                0.64289,                 1.0135,                 1.4027,                0.55666,                0.97624,             0.00069961,             0.00069961,             0.00069961
                     79,                 1.3309,                0.71562,                 1.0696,                 1.5535,                0.77354,                 1.0341,                0.87992,                0.90984,                0.94806,                0.56005,                 1.3421,                0.65099,                  1.019,                 1.4338,                0.58214,                0.98556,             0.00068465,             0.00068465,             0.00068465
                     80,                 1.2899,                0.69856,                 1.0561,                 1.5367,                0.77944,                 1.0219,                0.89756,                0.89901,                0.95153,                0.56577,                 1.3512,                0.64028,                 1.0185,                 1.4395,                0.57168,                0.98463,             0.00066971,             0.00066971,             0.00066971
                     81,                 1.2915,                0.68816,                 1.0535,                 1.5351,                0.75452,                  1.022,                0.89944,                 0.8896,                0.94777,                0.54941,                 1.3898,                0.65851,                 1.0289,                 1.4824,                0.61826,                 0.9979,             0.00065479,             0.00065479,             0.00065479
                     82,                 1.2908,                0.69089,                 1.0555,                 1.5306,                0.76912,                 1.0205,                0.90009,                0.90327,                0.95023,                0.57055,                  1.313,                0.63894,                 1.0133,                 1.4206,                0.58321,                0.98243,             0.00063989,             0.00063989,             0.00063989
                     83,                 1.2559,                0.66249,                 1.0417,                 1.4873,                0.71366,                 1.0051,                0.87829,                0.89872,                0.94827,                0.57438,                 1.2979,                0.63735,                 1.0091,                 1.4043,                0.58126,                0.98018,             0.00062503,             0.00062503,             0.00062503
                     84,                 1.2806,                0.68669,                 1.0469,                  1.524,                0.75863,                 1.0105,                0.87265,                0.89899,                0.94865,                0.57017,                 1.3171,                0.63607,                 1.0068,                 1.4261,                0.57933,                0.97951,             0.00061021,             0.00061021,             0.00061021
                     85,                 1.2738,                0.67972,                 1.0393,                 1.5121,                0.74959,                 1.0029,                0.88344,                0.91155,                0.95067,                0.59368,                 1.2471,                0.61775,                0.99181,                 1.3506,                0.55153,                0.96495,             0.00059543,             0.00059543,             0.00059543
                     86,                 1.2746,                0.68502,                 1.0513,                 1.5163,                 0.7472,                 1.0155,                0.89537,                0.90118,                0.94938,                 0.5891,                 1.2639,                0.63114,                0.99572,                 1.3488,                0.57886,                0.96852,              0.0005807,              0.0005807,              0.0005807
                     87,                 1.2742,                 0.6771,                 1.0507,                 1.4972,                0.72853,                 1.0164,                0.88537,                0.90467,                0.94788,                0.56018,                 1.3299,                0.64404,                 1.0139,                 1.4455,                0.59205,                0.98577,             0.00056603,             0.00056603,             0.00056603
                     88,                   1.28,                 0.6841,                 1.0457,                 1.5199,                0.74405,                 1.0095,                0.90978,                0.87835,                0.94872,                0.55555,                 1.3781,                  0.655,                 1.0219,                 1.4498,                0.59675,                0.98345,             0.00055143,             0.00055143,             0.00055143
                     89,                 1.2839,                0.68228,                 1.0485,                 1.5259,                0.74738,                  1.011,                0.88467,                0.91563,                0.95441,                0.56113,                 1.3796,                0.64165,                 1.0269,                 1.4435,                0.56892,                0.98776,              0.0005369,              0.0005369,              0.0005369
                     90,                 1.2766,                 0.6741,                 1.0466,                 1.5113,                0.73491,                 1.0145,                0.87716,                0.90666,                0.94865,                 0.5966,                 1.2374,                0.62982,                0.99527,                 1.3364,                0.57146,                 0.9635,             0.00052245,             0.00052245,             0.00052245
                     91,                 1.2567,                0.65545,                 1.0358,                 1.4904,                0.70689,                 1.0056,                0.89793,                0.89972,                0.95138,                0.57457,                 1.2958,                 0.6386,                 1.0062,                 1.4042,                0.58173,                0.97879,             0.00050808,             0.00050808,             0.00050808
                     92,                 1.2701,                0.68225,                 1.0485,                 1.5094,                0.75838,                 1.0164,                0.89889,                0.90411,                 0.9496,                0.57712,                 1.3223,                0.63637,                 1.0067,                 1.3863,                0.57635,                 0.9732,              0.0004938,              0.0004938,              0.0004938
                     93,                 1.2588,                0.66607,                 1.0328,                 1.4957,                0.72426,                 0.9986,                0.88358,                0.89742,                 0.9494,                0.58623,                 1.2842,                0.63397,                 1.0044,                 1.3757,                0.57067,                0.97183,             0.00047962,             0.00047962,             0.00047962
                     94,                 1.2677,                0.67195,                 1.0449,                 1.5053,                0.72834,                 1.0145,                0.88074,                0.90574,                 0.9491,                0.57962,                 1.2848,                0.63625,                 1.0087,                 1.3788,                0.57665,                 0.9761,             0.00046554,             0.00046554,             0.00046554
                     95,                 1.2737,                0.67753,                 1.0451,                 1.5129,                 0.7435,                 1.0098,                0.89679,                0.90432,                 0.9527,                0.59431,                  1.265,                0.62175,                0.99825,                 1.3391,                0.56272,                0.96386,             0.00045157,             0.00045157,             0.00045157
                     96,                 1.2391,                0.65687,                 1.0334,                 1.4707,                0.71047,                 1.0019,                 0.8995,                0.90225,                0.95311,                0.57793,                 1.3173,                 0.6326,                 1.0137,                 1.3836,                0.56266,                0.97329,             0.00043772,             0.00043772,             0.00043772
                     97,                 1.2444,                0.66387,                 1.0314,                 1.4715,                0.72763,                0.99869,                0.90187,                0.90529,                0.95265,                0.56604,                 1.3446,                 0.6428,                 1.0234,                 1.4163,                0.58713,                0.98316,             0.00042399,             0.00042399,             0.00042399
                     98,                 1.2431,                0.66818,                 1.0359,                 1.4934,                0.72229,                  1.005,                0.89844,                  0.914,                0.95736,                0.58339,                 1.2655,                0.61913,                 1.0007,                 1.3711,                0.56756,                0.97364,             0.00041038,             0.00041038,             0.00041038
                     99,                 1.2324,                0.64879,                 1.0253,                 1.4676,                0.69546,                0.99304,                0.90094,                0.89995,                0.95499,                0.58681,                 1.2675,                0.61277,                0.99961,                 1.3645,                0.56036,                0.96952,             0.00039691,             0.00039691,             0.00039691
                    100,                 1.2452,                0.65759,                 1.0346,                 1.4935,                0.73358,                 1.0048,                0.89254,                0.89698,                0.94961,                0.56627,                  1.316,                0.63209,                 1.0136,                 1.4252,                0.57378,                0.98626,             0.00038358,             0.00038358,             0.00038358
                    101,                 1.2409,                0.66618,                 1.0336,                 1.4867,                0.72969,                 1.0022,                0.90164,                0.90157,                 0.9496,                0.55385,                 1.3677,                0.64623,                 1.0203,                 1.4604,                0.58431,                0.98771,             0.00037039,             0.00037039,             0.00037039
                    102,                 1.2443,                0.65205,                 1.0329,                 1.4784,                0.71095,                 1.0008,                0.90589,                 0.9019,                0.95289,                0.53675,                 1.4398,                0.65946,                 1.0414,                 1.5151,                0.59397,                 1.0031,             0.00035736,             0.00035736,             0.00035736
                    103,                 1.2303,                0.64737,                 1.0307,                 1.4709,                0.70627,                0.99943,                0.89504,                0.89949,                 0.9503,                0.54121,                 1.4175,                0.64951,                 1.0416,                 1.5004,                0.58078,                  1.005,             0.00034448,             0.00034448,             0.00034448
                    104,                 1.2432,                0.66083,                 1.0315,                 1.4823,                 0.7204,                0.99723,                0.88842,                 0.9122,                0.95109,                0.54719,                  1.363,                0.63341,                 1.0226,                 1.4702,                0.57532,                0.99675,             0.00033176,             0.00033176,             0.00033176
                    105,                  1.228,                0.63122,                 1.0286,                 1.4564,                0.66569,                 1.0002,                0.90123,                0.90123,                0.95603,                0.57766,                 1.3213,                0.62369,                 1.0148,                 1.4144,                0.55904,                0.98281,             0.00031921,             0.00031921,             0.00031921
                    106,                 1.2172,                0.63703,                 1.0248,                 1.4574,                 0.6831,                0.99862,                0.90352,                0.90234,                0.95422,                0.56892,                 1.3344,                0.62864,                 1.0143,                 1.4346,                0.56258,                0.98385,             0.00030684,             0.00030684,             0.00030684
                    107,                 1.2331,                0.64674,                 1.0275,                 1.4678,                0.69247,                 1.0004,                 0.9007,                0.89493,                0.95576,                 0.5918,                 1.2698,                0.61261,                  1.001,                 1.3671,                0.54807,                0.97173,             0.00029464,             0.00029464,             0.00029464
                    108,                 1.2191,                0.64416,                 1.0254,                 1.4692,                0.69576,                0.99471,                0.89651,                0.90561,                0.95502,                0.58329,                 1.2906,                  0.622,                 1.0055,                 1.3939,                 0.5531,                0.97729,             0.00028263,             0.00028263,             0.00028263
                    109,                 1.2205,                0.63413,                 1.0237,                 1.4475,                0.68455,                0.99693,                0.89818,                0.90575,                0.95653,                0.58184,                 1.2665,                0.60935,                 1.0048,                 1.3824,                0.55761,                0.98169,             0.00027081,             0.00027081,             0.00027081
                    110,                 1.2219,                0.64167,                 1.0214,                  1.466,                0.70084,                0.98889,                0.90031,                0.89902,                0.95883,                0.57925,                  1.302,                0.62192,                 1.0136,                 1.4025,                 0.5582,                0.98405,             0.00025918,             0.00025918,             0.00025918
                    111,                 1.2091,                0.64226,                 1.0314,                 1.4457,                0.70528,                 1.0061,                0.89909,                 0.9075,                0.95573,                0.57508,                 1.3068,                0.61919,                 1.0109,                 1.4032,                0.55966,                0.98372,             0.00024775,             0.00024775,             0.00024775
                    112,                 1.2091,                0.63747,                 1.0194,                 1.4489,                0.69387,                0.99087,                0.89104,                 0.9054,                0.95424,                0.57248,                 1.2938,                0.62164,                 1.0089,                 1.4043,                0.57238,                0.98478,             0.00023653,             0.00023653,             0.00023653
                    113,                 1.2222,                0.64028,                   1.03,                 1.4452,                0.68724,                 1.0005,                0.90148,                0.89644,                0.95362,                0.59026,                 1.2462,                0.60702,                0.99353,                 1.3662,                0.55746,                0.96991,             0.00022551,             0.00022551,             0.00022551
                    114,                 1.2024,                0.63345,                 1.0157,                 1.4489,                0.69331,                0.98789,                0.90404,                0.90983,                0.95647,                0.56873,                 1.3298,                0.62952,                 1.0133,                 1.4331,                0.56514,                0.98373,             0.00021471,             0.00021471,             0.00021471
                    115,                 1.2262,                0.64481,                 1.0328,                  1.449,                0.69146,                 1.0068,                0.90001,                0.90933,                0.95366,                0.57028,                  1.318,                0.62245,                 1.0107,                 1.4162,                 0.5579,                0.98097,             0.00020413,             0.00020413,             0.00020413
                    116,                 1.1873,                0.62603,                 1.0133,                  1.442,                0.68293,                0.98096,                 0.8985,                0.90594,                0.95543,                0.57231,                 1.3178,                0.62561,                 1.0114,                 1.4083,                0.57046,                0.97844,             0.00019378,             0.00019378,             0.00019378
                    117,                 1.2014,                0.63895,                 1.0182,                 1.4402,                0.69346,                0.98666,                0.90494,                0.90641,                0.95599,                 0.5937,                 1.2584,                0.60897,                 0.9957,                  1.354,                0.54602,                0.96677,             0.00018365,             0.00018365,             0.00018365
                    118,                 1.2071,                0.63015,                 1.0194,                   1.45,                0.67386,                0.99298,                0.91117,                0.89592,                0.95588,                 0.5975,                 1.2464,                0.60322,                0.99381,                 1.3431,                0.55229,                0.96579,             0.00017375,             0.00017375,             0.00017375
                    119,                 1.1922,                0.62747,                 1.0183,                 1.4243,                0.68004,                0.99251,                0.90347,                0.90066,                0.95798,                0.57848,                 1.2827,                0.61521,                 1.0036,                 1.4047,                 0.5638,                0.98152,             0.00016409,             0.00016409,             0.00016409
                    120,                 1.1904,                0.61886,                 1.0152,                 1.4177,                0.65671,                0.98831,                0.89213,                0.91202,                0.95788,                0.59217,                 1.2655,                0.60833,                0.99777,                 1.3665,                0.54893,                0.97004,             0.00015468,             0.00015468,             0.00015468
                    121,                 1.2081,                0.64573,                 1.0214,                 1.4601,                 0.7064,                0.98938,                0.89252,                0.91381,                0.95744,                0.58509,                 1.2893,                0.61375,                 1.0011,                 1.3775,                0.54669,                0.97402,             0.00014551,             0.00014551,             0.00014551
                    122,                 1.1993,                0.62781,                 1.0183,                 1.4379,                0.69287,                0.98961,                0.89342,                0.90607,                0.95748,                0.58207,                 1.2871,                0.61146,                 1.0017,                 1.3881,                0.55259,                0.97459,             0.00013659,             0.00013659,             0.00013659
                    123,                 1.1884,                0.61186,                 1.0097,                 1.4246,                0.65256,                0.98173,                0.90537,                 0.8996,                0.95651,                0.59448,                  1.251,                0.60245,                0.99399,                  1.354,                0.54694,                0.96868,             0.00012792,             0.00012792,             0.00012792
                    124,                 1.1925,                0.62088,                 1.0177,                 1.4267,                0.67579,                0.99276,                0.90085,                0.90696,                0.95617,                0.57732,                  1.305,                0.61941,                 1.0088,                 1.4062,                 0.5574,                0.98184,             0.00011951,             0.00011951,             0.00011951
                    125,                 1.1978,                0.63091,                  1.019,                 1.4384,                0.68896,                0.99167,                0.90115,                0.89909,                0.95414,                0.57996,                 1.2772,                 0.6172,                 1.0051,                  1.395,                 0.5655,                0.97983,             0.00011136,             0.00011136,             0.00011136
                    126,                  1.176,                0.61691,                 1.0014,                  1.415,                0.66608,                0.97419,                0.89364,                0.90298,                0.95668,                0.58687,                 1.2762,                0.61208,                0.99892,                 1.3828,                0.55576,                0.97565,             0.00010347,             0.00010347,             0.00010347
                    127,                 1.1656,                0.61255,                 1.0073,                 1.4054,                0.65659,                0.98156,                0.90348,                0.89747,                0.95539,                0.59207,                 1.2527,                0.60817,                0.99571,                  1.358,                0.55858,                0.96945,             9.5858e-05,             9.5858e-05,             9.5858e-05
                    128,                 1.2034,                0.63238,                 1.0183,                 1.4471,                0.69367,                 0.9891,                 0.8986,                0.91003,                0.95804,                0.59165,                  1.272,                0.60729,                 0.9987,                 1.3693,                0.54851,                0.97161,             8.8513e-05,             8.8513e-05,             8.8513e-05
                    129,                 1.2017,                0.63302,                 1.0218,                 1.4507,                0.70511,                0.99153,                0.90537,                0.89698,                0.95701,                0.58938,                 1.2793,                 0.6118,                 1.0012,                 1.3846,                0.55397,                0.97489,             8.1442e-05,             8.1442e-05,             8.1442e-05
                    130,                  1.197,                0.62402,                 1.0179,                 1.4314,                0.68076,                0.99221,                0.89731,                  0.913,                0.95634,                0.58214,                 1.2944,                0.61504,                 1.0041,                  1.393,                0.55644,                  0.978,             7.4649e-05,             7.4649e-05,             7.4649e-05
                    131,                  1.187,                 0.6259,                  1.015,                 1.4091,                0.67697,                0.98997,                0.90383,                0.89757,                0.95702,                0.59046,                 1.2694,                0.60846,                0.99914,                 1.3729,                0.55355,                0.97323,             6.8137e-05,             6.8137e-05,             6.8137e-05
                    132,                 1.1828,                0.61819,                 1.0084,                  1.424,                0.66947,                0.98362,                0.89824,                0.91216,                0.95866,                 0.5814,                 1.3022,                0.61604,                 1.0058,                 1.3976,                0.54929,                0.97967,             6.1908e-05,             6.1908e-05,             6.1908e-05
                    133,                 1.1819,                0.61782,                  1.013,                 1.4095,                0.65746,                0.98602,                0.89283,                 0.9136,                 0.9571,                0.58305,                 1.2814,                0.61014,                 1.0039,                 1.3876,                0.55369,                0.97917,             5.5966e-05,             5.5966e-05,             5.5966e-05
                    134,                 1.1724,                0.61699,                 1.0098,                  1.421,                 0.6755,                0.98274,                0.90052,                 0.9133,                0.95828,                0.57787,                 1.3004,                0.61309,                 1.0084,                 1.3994,                 0.5524,                0.98224,             5.0313e-05,             5.0313e-05,             5.0313e-05
                    135,                 1.1889,                0.63089,                 1.0134,                 1.4355,                0.69529,                0.98246,                0.89511,                0.90853,                0.95821,                0.58855,                 1.2689,                0.60337,                 1.0017,                 1.3744,                0.54919,                0.97625,              4.495e-05,              4.495e-05,              4.495e-05
                    136,                 1.1774,                0.61859,                 1.0064,                 1.4174,                 0.6711,                0.97884,                0.90138,                0.90491,                0.95843,                0.58539,                 1.2804,                0.60561,                 1.0031,                 1.3819,                0.54891,                0.97745,             3.9882e-05,             3.9882e-05,             3.9882e-05
                    137,                 1.1765,                0.62309,                 1.0112,                 1.4134,                0.66621,                0.98678,                0.89333,                0.91431,                0.95914,                0.58785,                 1.2748,                0.60357,                 1.0026,                 1.3731,                0.54535,                0.97509,              3.511e-05,              3.511e-05,              3.511e-05
                    138,                 1.1808,                0.61802,                 1.0105,                 1.4274,                0.67235,                0.98768,                0.89884,                0.91663,                0.95981,                0.58813,                 1.2796,                 0.6054,                 1.0027,                 1.3734,                0.54488,                 0.9745,             3.0635e-05,             3.0635e-05,             3.0635e-05
                    139,                 1.1763,                0.62078,                 1.0049,                 1.4255,                0.68011,                0.97555,                0.89969,                0.90955,                0.95893,                0.58634,                  1.274,                0.60556,                0.99997,                 1.3721,                 0.5496,                0.97389,             2.6461e-05,             2.6461e-05,             2.6461e-05
                    140,                 1.1898,                0.63068,                 1.0137,                 1.4239,                0.68119,                0.98739,                0.89684,                0.91422,                0.95832,                0.58453,                 1.2744,                0.60519,                 1.0013,                 1.3765,                0.55326,                0.97596,             2.2588e-05,             2.2588e-05,             2.2588e-05
                    141,                 1.1454,                0.55984,                0.99794,                 1.3278,                0.52778,                0.97791,                0.89171,                0.91612,                0.95641,                0.58188,                 1.2812,                0.61268,                 1.0076,                 1.3784,                0.54947,                0.97972,             1.9019e-05,             1.9019e-05,             1.9019e-05
                    142,                 1.1428,                0.55917,                0.98898,                 1.3354,                0.53074,                0.97156,                0.88293,                0.91603,                0.95626,                0.58271,                 1.2787,                0.61323,                 1.0062,                 1.3782,                0.54976,                0.97933,             1.5755e-05,             1.5755e-05,             1.5755e-05
                    143,                 1.1313,                0.55428,                0.98701,                 1.3241,                0.53143,                0.96815,                0.88963,                0.90872,                0.95583,                0.58611,                 1.2754,                0.61055,                 1.0042,                 1.3733,                0.55017,                0.97517,             1.2797e-05,             1.2797e-05,             1.2797e-05
                    144,                 1.1336,                0.55386,                0.98623,                 1.3184,                0.52339,                0.96949,                0.90284,                0.90287,                0.95722,                0.58608,                  1.279,                0.60975,                 1.0038,                 1.3789,                 0.5435,                0.97619,             1.0148e-05,             1.0148e-05,             1.0148e-05
                    145,                 1.1261,                0.54957,                0.98534,                  1.314,                0.52055,                0.96666,                0.89707,                0.90394,                0.95744,                 0.5878,                 1.2733,                0.60765,                 1.0023,                 1.3702,                0.54344,                0.97383,             7.8071e-06,             7.8071e-06,             7.8071e-06
                    146,                 1.1209,                0.54574,                0.98139,                  1.314,                0.52035,                0.96252,                0.89422,                0.90472,                0.95753,                0.58852,                 1.2717,                0.60886,                  1.002,                 1.3689,                0.54935,                0.97246,             5.7764e-06,             5.7764e-06,             5.7764e-06
                    147,                 1.1291,                0.54674,                0.98278,                 1.3194,                0.51872,                 0.9642,                0.90479,                0.89827,                0.95763,                0.58862,                 1.2712,                0.60784,                 1.0017,                 1.3684,                0.54418,                0.97159,             4.0566e-06,             4.0566e-06,             4.0566e-06
                    148,                 1.1249,                0.54974,                 0.9823,                 1.3085,                0.52287,                0.96283,                0.89419,                0.91149,                0.95796,                 0.5874,                 1.2737,                0.60798,                 1.0024,                 1.3745,                0.53645,                0.97637,             2.6485e-06,             2.6485e-06,             2.6485e-06
                    149,                 1.1358,                0.55391,                0.98395,                  1.327,                0.52773,                  0.968,                0.89622,                0.90818,                0.95799,                0.58791,                 1.2724,                0.60782,                 1.0023,                 1.3739,                0.53744,                0.97597,             1.5527e-06,             1.5527e-06,             1.5527e-06
                    150,                 1.1314,                0.54869,                0.98947,                 1.3068,                0.51415,                0.97533,                0.89989,                0.90511,                0.95805,                0.58711,                 1.2744,                 0.6067,                  1.003,                 1.3733,                0.54027,                0.97555,             7.6958e-07,             7.6958e-07,             7.6958e-07
